English,Spanish
you,tú
i,i
the,el
to,a
a,a
it,él
and,y
that,eso
of,de
is,es
in,en
what,qué
we,nosotros
me,a mí
this,este
he,él
for,para
my,mi
on,en
have,tener
your,su
do,hacer
was,era
no,No
not,no
be,ser
are,son
don,don
know,saber
can,poder
with,con
but,pero
all,todo
so,entonces
just,justo
there,allá
here,aquí
they,ellos
like,como
get,conseguir
she,ella
go,ir
if,si
right,bien
out,afuera
about,acerca de
up,arriba
at,en
him,a él
now,ahora
oh,Vaya
one,uno
come,venir
well,Bueno
her,su
how,cómo
yeah,sí
ve,ver
will,voluntad
got,consiguió
want,desear
think,pensar
as,como
see,ver
did,hizo
good,bien
who,OMS
why,por qué
from,de
let,dejar
his,su
yes,Sí
when,cuando
going,yendo
time,tiempo
an,un
okay,bueno
back,atrás
look,mirar
us,a nosotros
would,haría
them,a ellos
where,dónde
were,eran
take,llevar
then,entonces
had,tenía
or,o
been,estado
our,nuestro
gonna,ir a
tell,decir
really,en realidad
man,hombre
some,alguno
say,decir
hey,ey
could,podría
d,d
didn,no
by,por
need,necesidad
something,algo
has,tiene
too,también
more,más
way,forma
down,abajo
make,hacer
very,muy
never,nunca
only,solo
people,gente
over,encima
because,porque
little,pequeño
please,por favor
love,amar
should,debería
mean,significar
said,dicho
sorry,Lo siento
give,dar
off,apagado
am,soy
thank,agradecer
any,cualquier
two,dos
even,incluso
much,mucho
doing,haciendo
sure,seguro
thing,cosa
these,estos
help,ayuda
first,primero
into,en
anything,cualquier cosa
still,aún
find,encontrar
life,vida
nothing,nada
sir,Señor
day,día
god,dios
work,trabajar
their,su
uh,oh
again,de nuevo
maybe,tal vez
must,debe
before,antes
other,otro
wait,esperar
stop,detener
call,llamar
after,después
won,ganado
talk,hablar
away,lejos
than,que
thought,pensamiento
home,hogar
night,noche
put,poner
great,excelente
those,aquellos
last,último
better,mejor
everything,todo
told,dijo
mr.,señor.
new,nuevo
things,cosas
always,siempre
keep,mantener
long,largo
years,años
leave,dejar
does,hace
money,dinero
around,alrededor
doesn,no
name,nombre
place,lugar
ever,alguna vez
feel,sentir
guys,tipo
father,padre
guy,chico
made,hecho
old,viejo
isn,es
which,cual
big,grande
lot,lote
done,hecho
hello,Hola
nice,lindo
believe,creer
girl,chica
someone,alguien
fine,bien
thanks,gracias
wanted,buscado
kind,amable
coming,próximo
house,casa
every,cada
ok,OK
through,a través de
being,ser
course,curso
stay,permanecer
left,izquierda
dad,papá
enough,suficiente
happened,sucedió
came,vino
may,puede
mother,madre
wrong,equivocado
world,mundo
bad,malo
might,podría
three,tres
today,hoy
listen,escuchar
another,otro
understand,entender
hear,escuchar
remember,recordar
ask,preguntar
own,propio
same,mismo
show,espectáculo
else,demás
kill,matar
talking,hablando
found,encontró
next,próximo
getting,conseguir
care,cuidado
car,auto
looking,mirando
son,hijo
try,intentar
woman,mujer
went,fue
hi,Hola
dead,muerto
many,muchos
mind,mente
wasn,no era
friend,amigo
best,mejor
mom,mamá
hell,infierno
morning,mañana
trying,intentando
boy,chico
together,juntos
yourself,tú mismo
job,trabajo
saw,sierra
family,familia
real,real
without,sin
baby,bebé
room,habitación
wouldn,lo haría
already,ya
move,mover
most,mayoría
seen,visto
live,vivir
miss,extrañar
actually,de hecho
huh,eh
shit,mierda
both,ambos
heard,escuchó
once,una vez
ready,listo
head,cabeza
called,llamado
used,usado
idea,idea
knew,sabía
hold,sostener
happy,feliz
door,puerta
such,semejante
fuck,Mierda
brother,hermano
also,también
pretty,bonito
bit,poco
took,tomó
haven,refugio
yet,todavía
men,hombres
whole,entero
start,comenzar
use,usar
while,mientras
since,desde
wife,esposa
days,días
guess,adivinar
tomorrow,mañana
matter,asunto
meet,encontrarse
bring,traer
tonight,esta noche
everyone,todos
run,correr
wanna,querer
hard,duro
ah,ahorcado
alone,solo
myself,mí mismo
school,escuela
gone,desaparecido
um,um
end,fin
saying,dicho
phone,teléfono
play,jugar
looks,aspecto
couldn,se pudo
fucking,maldito
problem,problema
few,pocos
friends,amigos
gotta,tengo que
ago,atrás
open,abierto
anyone,alguien
killed,delicado
hope,esperanza
face,rostro
until,hasta
lost,perdido
police,policía
excuse,disculpar
turn,doblar
business,negocio
case,caso
wants,quiere
says,dice
TRUE,VERDADERO
die,morir
heart,corazón
soon,pronto
each,cada
worry,preocuparse
later,más tarde
year,año
watch,mirar
music,música
hand,mano
having,teniendo
probably,probablemente
beautiful,hermoso
doctor,doctor
sit,sentarse
eat,comer
thinking,pensamiento
young,joven
second,segundo
working,laboral
water,agua
person,persona
part,parte
kids,niños
late,tarde
stuff,cosa
exactly,exactamente
under,bajo
death,muerte
minute,minuto
pay,pagar
crazy,loco
forget,olvidar
everybody,todos
kid,niño
change,cambiar
gave,dio
happen,suceder
damn,maldición
five,cinco
drink,beber
far,lejos
knows,saber
its,es
whatever,lo que
eyes,ojos
shut,cerrar
aren,no sean
hit,golpear
taking,tomando
easy,fácil
times,veces
check,controlar
hands,manos
minutes,minutos
deal,trato
different,diferente
means,medio
point,punto
inside,adentro
makes,marcas
asked,preguntó
somebody,alguien
mine,mío
making,haciendo
body,cuerpo
afraid,asustado
sleep,dormir
chance,oportunidad
dear,estimado
quite,bastante
four,cuatro
anyway,de todos modos
close,cerca
ain,ain
party,fiesta
fun,divertido
against,contra
word,palabra
comes,llega
important,importante
set,colocar
shall,deberá
story,historia
number,número
daughter,hija
least,el menos
waiting,espera
hurt,herir
wish,desear
moment,momento
fight,luchar
week,semana
husband,marido
girls,chicas
rest,descansar
married,casado
fire,fuego
game,juego
nobody,nadie
mr,señor
children,niños
side,lado
stand,pararse
read,leer
though,aunque
cut,cortar
started,comenzó
sister,hermana
supposed,supuesto
between,entre
child,niño
goes,va
hours,horas
speak,hablar
women,mujer
behind,detrás
almost,casi
truth,verdad
blood,sangre
able,capaz
lady,dama
anymore,ya no
playing,jugando
gets,obtiene
shot,disparo
reason,razón
trouble,problema
break,romper
war,guerra
city,ciudad
walk,caminar
town,ciudad
trust,confianza
dr.,dr.
met,reunió
office,oficina
question,pregunta
brought,trajo
yours,tuyo
welcome,bienvenido
high,alto
wow,Guau
couple,pareja
half,medio
died,fallecido
cool,Frío
free,gratis
either,cualquiera
seems,parece
power,fuerza
whoa,whoa
bye,adiós
buy,comprar
telling,narración
honey,Miel
tried,intentó
front,frente
team,equipo
answer,respuesta
gun,pistola
boys,Niños
line,línea
send,enviar
news,noticias
stupid,estúpido
bed,cama
hurry,apurarse
full,lleno
months,meses
save,ahorrar
sometimes,a veces
become,convertirse
along,a lo largo de
hate,odiar
food,alimento
outside,afuera
light,luz
l,l
needs,necesidades
dog,perro
country,país
clear,claro
order,orden
em,Em
fact,hecho
lord,caballero
captain,capitán
six,seis
hot,caliente
funny,divertido
black,negro
mrs.,señora.
alive,vivo
pick,elegir
feeling,sentimiento
living,viviendo
cause,causa
ahead,adelante
lose,perder
king,rey
plan,plan
dinner,cena
sighs,suspiros
sort,clasificar
leaving,partida
shouldn,debería
running,correr
boss,jefe
alright,está bien
promise,promesa
taken,tomado
safe,seguro
ma,mamá
book,libro
sent,enviado
white,blanco
hour,hora
anybody,cualquiera
small,pequeño
perfect,perfecto
cause,causa
lives,vidas
special,especial
parents,padres
s,s
john,John
himself,él mismo
perhaps,tal vez
sounds,sonidos
serious,grave
sick,enfermo
company,compañía
ha,Ja
scared,asustado
uncle,tío
poor,pobre
red,rojo
past,pasado
earth,tierra
possible,posible
shoot,disparar
touch,tocar
sound,sonido
top,arriba
ass,culo
laughs,risas
cannot,no puedo
asking,preguntando
win,ganar
glad,contento
control,control
hmm,Mmm
human,humano
drive,conducir
hair,cabello
jack,Jacobo
bitch,perra
luck,suerte
murder,asesinato
happens,ocurrir
air,aire
ten,diez
daddy,papá
finally,finalmente
chuckles,risas
fast,rápido
cold,frío
seem,parecer
laughing,reír
words,palabras
hospital,hospital
street,calle
hang,colgar
dance,bailar
meeting,reunión
till,hasta
others,otros
catch,atrapar
follow,seguir
sense,sentido
sex,sexo
lie,mentir
evening,noche
master,maestro
known,conocido
dream,sueño
write,escribir
million,millón
voice,voz
sweet,dulce
rather,bastante
felt,sintió
sign,firmar
lucky,afortunado
somewhere,en algún lugar
bet,apuesta
o,O
jesus,Jesús
longer,más extenso
calling,vocación
worked,trabajó
quiet,tranquilo
looked,miró
less,menos
pull,jalar
beat,derrotar
careful,cuidadoso
coffee,café
return,devolver
secret,secreto
weeks,semanas
weren,no
date,fecha
seeing,vidente
fall,caer
given,dado
ooh,Oh
fault,falla
straight,derecho
takes,acepta
song,canción
future,futuro
gentlemen,caballeros
loved,amado
changed,cambió
road,camino
calm,calma
wonderful,maravilloso
mad,enojado
turned,transformado
drop,gota
ladies,señoras
learn,aprender
step,paso
absolutely,absolutamente
early,temprano
explain,explicar
clean,limpio
piece,pedazo
yesterday,ayer
throw,tirar
picture,imagen
land,tierra
feet,pies
wonder,preguntarse
questions,preguntas
speaking,discurso
worth,valer
darling,querida
dude,dudar
giving,donación
president,presidente
eye,ojo
quick,rápido
moving,Moviente
figure,cifra
state,estado
strong,fuerte
sam,Sam
none,ninguno
amazing,asombroso
ones,unos
works,obras
act,acto
needed,necesario
weird,extraño
law,ley
worried,preocupado
report,informe
goodbye,adiós
missing,desaparecido
choice,elección
happening,sucediendo
chief,jefe
wedding,boda
strange,extraño
general,general
pain,dolor
am,soy
kidding,bromear
decided,decidido
ya,ya
pass,aprobar
tired,cansado
class,clase
officer,oficial
kept,conservó
wake,despertar
worse,peor
busy,ocupado
eh,eh
mistake,error
kiss,beso
court,corte
building,edificio
finish,finalizar
during,durante
age,edad
ship,barco
caught,atrapó
marry,casar
meant,quiso decir
sell,vender
dark,oscuro
watching,mirando
system,sistema
suppose,suponer
evidence,evidencia
movie,película
ride,conducir
t,titular
completely,completamente
mouth,boca
totally,totalmente
birthday,cumpleaños
tv,televisor
forgive,perdonar
born,nacido
imagine,imaginar
information,información
instead,en cambio
definitely,definitivamente
security,seguridad
certainly,ciertamente
film,película
month,mes
lying,mintiendo
unless,a menos que
train,tren
seven,Siete
wear,tener puesto
clothes,ropa
michael,Miguel
hotel,hotel
christmas,Navidad
attack,ataque
hasn,no ha
round,redondo
expect,esperar
sing,cantar
terrible,horrible
george,Jorge
bag,bolsa
history,historia
blue,azul
near,cerca
broke,en bancarrota
station,estación
seriously,en serio
forever,para siempre
david,David
frank,franco
except,excepto
thinks,pensamiento
message,mensaje
entire,completo
joe,José
table,mesa
talked,habló
across,al otro lado de
rock,roca
lovely,hermoso
handle,manejar
middle,medio
buddy,compañero
paid,pagado
protect,proteger
using,usando
floor,piso
ran,corrió
swear,jurar
spend,gastar
situation,situación
ring,anillo
anywhere,en cualquier lugar
dangerous,peligroso
bill,factura
york,York
army,ejército
lead,dirigir
bought,compró
finished,finalizado
fair,justo
sun,sol
letter,carta
fool,tonto
attention,atención
club,club
simple,simple
interesting,interesante
space,espacio
test,prueba
box,caja
group,grupo
single,soltero
sitting,sesión
marriage,casamiento
join,unirse
fear,miedo
d,d
peace,paz
forgot,olvidó
force,fuerza
short,corto
normal,normal
charlie,charlie
present,presente
enjoy,disfrutar
mike,Miguel
crime,delito
horse,caballo
ground,suelo
american,americano
count,contar
area,área
charge,cargar
honor,honor
lunch,almuerzo
miles,millas
radio,radio
idiot,estúpido
ball,pelota
surprise,sorpresa
paper,papel
key,llave
boat,bote
quickly,rápidamente
gold,oro
bar,bar
fish,pez
mark,marca
tom,Tomás
wearing,agotador
crying,llanto
accident,accidente
government,gobierno
eight,ocho
fell,cayó
cover,cubrir
certain,cierto
interested,interesado
deep,profundo
star,estrella
sea,mar
agree,aceptar
problems,problemas
detective,detective
prison,prisión
major,importante
stick,palo
offer,oferta
difficult,difícil
smart,elegante
personal,personal
record,registro
stopped,interrumpido
hide,esconder
whether,si
bank,banco
trip,viaje
relax,relajarse
america,America
public,público
list,lista
afternoon,tarde
brain,cerebro
fix,arreglar
bastard,bastardo
proud,orgulloso
tea,té
service,servicio
screaming,gritando
forward,adelante
angry,enojado
park,parque
soul,alma
fighting,lucha
peter,péter
rich,rico
agent,agente
blow,explotar
paul,Pablo
dress,vestido
mary,María
missed,omitido
scene,escena
killing,asesinato
standing,de pie
saved,salvado
mm,mm
respect,respeto
killer,asesino
ice,hielo
mess,desorden
tough,difícil
feels,siente
church,iglesia
sad,triste
cell,celúla
drunk,ebrio
share,compartir
camera,cámara
mm-hmm,mm-hmm
within,dentro
card,tarjeta
fly,volar
ben,ben
girlfriend,novia
laugh,reír
smell,oler
broken,roto
mum,mamá
honest,honesto
often,a menudo
starting,a partir de
calls,llamadas
y,Y
spent,gastado
third,tercero
english,inglés
visit,visita
mama,mamá
judge,juez
window,ventana
hungry,hambriento
dare,atrevimiento
relationship,relación
moved,movido
prove,probar
private,privado
wall,muro
seat,asiento
i-i,I-I
position,posición
lieutenant,teniente
realize,darse cuenta
lt,teniente
especially,especialmente
machine,máquina
walking,caminando
art,arte
pleasure,placer
bloody,sangriento
college,colega
french,francés
involved,involucrado
cry,llorar
became,convertirse
lived,vivido
impossible,imposible
obviously,obviamente
neither,ni
accept,aceptar
boyfriend,novio
besides,además
queen,reina
teacher,maestro
cops,policías
sake,beneficio
loves,ama
carry,llevar
teach,enseñar
apartment,departamento
upset,decepcionado
green,verde
la,la
liked,apreciado
cute,lindo
evil,demonio
professor,profesor
contact,contacto
joke,broma
cop,policía
huge,enorme
holy,santo
store,almacenar
jail,celda
likes,gustos
lawyer,abogado
doubt,duda
continue,continuar
appreciate,agradecer
cat,gato
shop,comercio
driving,conduciendo
congratulations,Felicidades
wrote,escribió
village,aldea
quit,abandonar
field,campo
james,Jaime
wine,vino
decision,decisión
south,sur
sleeping,durmiendo
slow,lento
laughter,risa
island,isla
glass,vaso
beginning,comienzo
cash,dinero
dying,muriendo
hundred,centenar
whose,cuyo
difference,diferencia
plane,avión
push,empujar
continues,continúa
mmm,mmm
singing,cantando
eating,comiendo
north,norte
mrs,señora
tree,árbol
madam,señora
gift,regalo
truck,camión
putting,poniendo
bear,oso
board,junta
grab,agarrar
beer,cerveza
stuck,atascado
magic,magia
support,apoyo
rules,normas
grunts,gruñidos
partner,pareja
reach,alcanzar
wind,viento
colonel,coronel
max,máximo
immediately,inmediatamente
seconds,segundos
thousand,mil
gives,da
experience,experiencia
cheers,salud
victim,víctima
upon,al
computer,computadora
christ,Cristo
planet,planeta
promised,prometido
bus,autobús
henry,Enrique
dirty,sucio
search,buscar
staying,estancia
dreams,Sueños
arrest,arrestar
holding,tenencia
suddenly,de repente
usually,generalmente
lots,lotes
shoes,zapatos
er,jerga
jump,saltar
rid,deshacerse
yo,yo
knock,golpear
owe,deber
harry,Harry
grow,crecer
worst,el peor
river,río
aunt,tía
patient,paciente
kitchen,cocina
aah,aah
fat,gordo
passed,aprobado
m,metro
final,final
summer,verano
bob,Beto
listening,escuchando
escape,escapar
everywhere,en todos lados
moon,luna
arms,brazos
turns,vueltas
address,DIRECCIÓN
ow,Ay
match,fósforo
gasps,jadeo
grand,grandioso
yep,sí
shh,shh
nervous,nervioso
de,Delaware
choose,elegir
themselves,ellos mismos
decide,decidir
mate,compañero
drinking,Bebiendo
press,prensa
bother,molestar
foot,pie
hadn,haden
blame,culpa
crap,tonterías
drugs,drogas
type,tipo
rings,anillos
mission,misión
named,llamado
heaven,cielo
ii,II
picked,escogido
paris,París
race,carrera
risk,riesgo
books,libros
further,más
danny,danny
action,acción
allowed,permitido
orders,pedidos
learned,aprendió
price,precio
arrived,llegó
nick,mella
otherwise,de lo contrario
pictures,fotos
fit,adaptar
smoke,fumar
favor,favor
played,jugó
notice,aviso
awesome,impresionante
smile,sonrisa
director,director
guard,guardia
begin,comenzar
spot,lugar
surprised,sorprendido
innocent,inocente
narrator,narrador
herself,sí misma
london,Londres
feelings,sentimientos
enemy,enemigo
battle,batalla
ourselves,nosotros mismos
alex,Alex
dollars,dólares
allow,permitir
nine,nueve
gay,gay
department,departamento
guilty,culpable
apart,aparte
earlier,más temprano
duty,deber
jim,Jim
suit,traje
bell,campana
west,Oeste
legs,piernas
hero,héroe
destroy,destruir
stage,escenario
bunch,racimo
according,de acuerdo a
chicken,pollo
bigger,más grande
grunting,gruñido
low,bajo
helping,Ayudar
admit,admitir
closed,cerrado
names,nombramiento
witness,testigo
upstairs,piso superior
arm,brazo
steal,robar
jimmy,palanqueta
kick,patada
twice,dos veces
cross,cruz
ways,maneras
sergeant,sargento
indeed,en efecto
gas,gas
keeping,acuerdo
energy,energía
pregnant,embarazada
waste,desperdiciar
helped,ayudó
fired,despedido
favorite,favorito
tony,Tony
taste,gusto
locked,encerrado
places,lugares
writing,escribiendo
adam,Adán
brothers,hermanos
starts,empieza
prince,Príncipe
form,forma
sold,vendido
silly,tonto
mention,mencionar
build,construir
throat,garganta
hole,agujero
figured,figurado
track,pista
ringing,El sonar
lock,cerrar
leg,pierna
above,arriba
hiding,ocultación
steve,steve
seemed,pareció
breakfast,desayuno
engine,motor
written,escrito
complete,completo
video,video
applause,aplausos
however,sin embargo
pressure,presión
fresh,fresco
weapon,arma
sky,cielo
ms.,EM.
stole,robó
study,estudiar
burn,quemar
reading,lectura
crowd,multitud
treat,tratar
roll,rollo
double,doble
spirit,espíritu
danger,peligro
cost,costo
empty,vacío
level,nivel
memory,memoria
itself,sí mismo
acting,interino
interest,interés
nose,nariz
plans,planes
following,siguiente
bathroom,baño
built,construido
closer,cerca
ray,rayo
sarah,sarah
band,banda
groans,gimazos
apparently,aparentemente
excited,entusiasmado
richard,Ricardo
losing,perdiendo
animals,animales
flight,vuelo
nature,naturaleza
raise,aumentar
pop,estallido
client,cliente
bomb,bomba
neck,cuello
suspect,sospechar
warm,cálido
extra,extra
bottle,botella
van,camioneta
heavy,pesado
mommy,mami
dogs,perros
wild,salvaje
ridiculous,ridículo
simply,simplemente
lee,sotavento
animal,animal
showed,presentado
billy,porra
shooting,tiroteo
keeps,guardia
camp,acampar
guns,pistolas
medical,médico
shame,lástima
hoping,esperando
whom,a quien
bird,pájaro
majesty,majestad
flowers,flores
famous,famoso
asleep,dormido
beauty,belleza
driver,conductor
keys,llaves
rain,lluvia
awful,horrible
large,grande
local,local
deserve,merecer
goddamn,maldito
stone,piedra
jane,jane
grace,gracia
consider,considerar
weekend,fin de semana
wondering,preguntarse
lay,poner
plenty,infinidad
willing,deseoso
pants,pantalones
sweetheart,cariño
skin,piel
excellent,excelente
asshole,Estúpido
beach,playa
c,C
faith,fe
beg,mendigar
fuckin,jodido
responsible,responsable
military,militar
cheering,aplausos
opportunity,oportunidad
common,común
bottom,abajo
german,alemán
whoever,quien
cook,cocinar
walked,caminó
papers,documentos
justice,justicia
hall,sala
commander,comandante
drug,droga
main,principal
knife,cuchillo
devil,demonio
necessary,necesario
although,a pesar de
princess,princesa
lights,luces
flying,volador
dick,polla
rose,rosa
knowing,conocimiento
clearly,claramente
hat,sombrero
agreed,acordado
johnny,Johnny
corner,esquina
code,código
note,nota
tommy,tommy
due,pendiente
correct,correcto
apologize,disculparse
language,idioma
stars,estrellas
faster,más rápido
cars,carros
folks,amigos
bullshit,mierda
i.,i.
fellow,compañero
several,varios
grandma,abuela
shows,espectáculos
leader,líder
leaves,hojas
restaurant,restaurante
east,este
shouting,gritos
blind,ciego
ghost,fantasma
cup,taza
gotten,recogido
tight,ajustado
conversation,conversación
tells,contado
lies,mentiras
nor,ni
pulled,tirado
hanging,colgante
speed,velocidad
stories,cuentos
health,salud
advice,consejo
held,sostuvo
uh-huh,UH Huh
murdered,asesinado
beyond,más allá de
rule,regla
hardly,difícilmente
possibly,posiblemente
inspector,inspector
cousin,primo
trial,ensayo
emergency,emergencia
ought,debería
eddie,eddie
somehow,de alguna manera
hearing,audiencia
states,estados
account,cuenta
spoke,habló
file,archivo
understood,comprendido
angel,ángel
tape,cinta
milk,leche
powerful,poderoso
weapons,arma
practice,práctica
manager,gerente
pardon,indulto
vote,votar
jake,jake
national,nacional
career,carrera
minister,ministro
super,súper
taught,enseñó
robert,Robert
biggest,más grande
plays,obras de teatro
natural,natural
dancing,baile
copy,Copiar
plus,más
martin,martín
cake,pastel
freedom,libertad
among,entre
breath,aliento
operation,operación
chris,Chris
crew,multitud
challenge,desafío
market,mercado
meat,carne
towards,hacia
bringing,trayectoria
dropped,abandonó
student,alumno
lied,mintió
strength,fortaleza
size,tamaño
breathe,respirar
color,color
monster,monstruo
loud,alto
photo,foto
aw,aw
nearly,cerca de
sight,vista
greatest,mejor
games,juegos
bridge,puente
dressed,vestido
arrested,detenido
horrible,horrible
coach,entrenador
planning,planificación
checked,comprobado
breaking,rotura
noticed,observó
fantastic,fantástico
screams,carcajadas
serve,atender
ideas,ideas
investigation,investigación
center,centro
older,más viejo
pack,embalar
soldiers,soldados
nonsense,disparates
doc,doc
project,proyecto
training,capacitación
example,ejemplo
trick,truco
prepared,preparado
science,ciencia
united,unido
travel,viajar
incredible,increíble
grandpa,abuelo
paying,pago
character,personaje
teeth,dientes
criminal,delincuente
charles,Charles
chinese,chino
truly,realmente
honestly,honestamente
bro,hermano
survive,sobrevivir
bobby,poli
target,objetivo
feed,alimentar
nurse,enfermero
e,mi
fake,falso
records,registros
breathing,respiración
sweetie,cariño
numbers,números
oil,aceite
suicide,suicidio
belong,pertenecer
whoo,whoo
perfectly,perfectamente
amy,Amy
forgotten,olvidado
remain,permanecer
original,original
papa,papá
onto,sobre
concerned,preocupado
credit,crédito
ugh,puaj
invited,invitado
discuss,conversar
research,investigación
easier,más fácil
view,vista
chair,silla
hurts,duele
strike,huelga
roger,roger
fill,llenar
condition,condición
mountain,montaña
dr,dr.
nowhere,en ningún lugar
sheriff,alguacil
kim,kim
turning,torneado
brown,marrón
recognize,reconocer
heads,cabezales
audience,audiencia
all,todo
jealous,celoso
pretend,pretender
society,sociedad
finding,hallazgo
shirt,camisa
comfortable,cómodo
meaning,significado
guest,invitado
pieces,piezas
dry,seco
letting,dejado
began,comenzó
aye,sí
jeff,Jeff
female,femenino
release,liberar
ho,Ho
cards,tarjetas
pray,orar
unfortunately,desafortunadamente
balls,pelotas
destroyed,destruido
ended,terminado
universe,universo
prepare,preparar
opinion,opinión
movies,películas
soldier,soldado
wash,lavar
program,programa
heat,calor
usual,habitual
ticket,boleto
stolen,robado
prefer,preferir
aware,consciente
surely,seguramente
male,masculino
base,base
matters,asuntos
lift,elevar
lab,laboratorio
command,dominio
proof,prueba
cream,crema
selling,venta
believed,creído
create,crear
h,H
afford,poder pagar
sunday,domingo
total,total
dumb,mudo
threw,lanzar
france,Francia
birth,nacimiento
created,creado
realized,comprendió
british,británico
noise,ruido
nuts,nueces
students,estudiantes
birds,aves
social,social
brilliant,brillante
bodies,cuerpos
tie,atar
opened,abrió
ours,nuestro
bucks,bucle
kevin,Kevin
mister,señor
ugly,feo
ryan,ryan
focus,enfocar
dan,dan
opens,abertura
exist,existir
followed,seguido
england,Inglaterra
draw,dibujar
purpose,objetivo
letters,letras
daniel,Daniel
opening,apertura
bullet,bala
anna,Anna
lately,últimamente
stayed,permaneció
falling,descendente
season,estación
ends,fines
suggest,sugerir
joy,alegría
distance,distancia
responsibility,responsabilidad
whenever,cuando sea
issue,asunto
thousands,miles
process,proceso
sword,espada
shower,ducha
weak,débil
fucked,follado
lonely,solitario
happiness,felicidad
eric,Eric
tiny,diminuto
desk,escritorio
pool,piscina
property,propiedad
forced,forzado
settle,asentarse
indistinct,indistinto
weight,peso
received,recibió
gang,pandilla
bite,morder
friday,viernes
disappeared,desaparecido
interview,entrevista
expecting,esperanza
kinda,un poco
surgery,cirugía
horses,caballos
mayor,alcalde
babe,bebé
ancient,antiguo
handsome,elegante
thomas,Thomas
saturday,sábado
staff,personal
lines,líneas
unit,unidad
fan,admirador
gentleman,hidalgo
introduce,introducir
fate,destino
split,dividir
recently,recientemente
expected,esperado
add,agregar
ordered,ordenado
slowly,despacio
alarm,alarma
member,miembro
slept,durmió
signed,firmado
enter,ingresar
spanish,español
garden,jardín
brings,trayera
brave,corajudo
pig,cerdo
model,modelo
finger,dedo
medicine,medicamento
access,acceso
failed,fallido
flat,departamento
easily,fácilmente
discovered,descubierto
based,basado
screw,tornillo
insane,loco
cares,cuidados
weather,clima
fingers,dedos
san,san
scott,escocés
path,camino
soft,suave
harm,dañar
style,estilo
community,comunidad
sees,visión
basically,básicamente
al,Alabama
signal,señal
nope,no
spare,repuesto
speech,discurso
covered,cubierto
shake,agitar
loose,perder
snow,nieve
russian,ruso
lake,lago
bright,brillante
roof,techo
ohh,oh
sending,enviando
paint,pintar
remind,recordar
pal,camarada
naked,desnudo
post,correo
sugar,azúcar
heading,título
streets,calles
damage,daño
silence,silencio
doors,puertas
pete,pete
ed,edición
success,éxito
wet,húmedo
nah,nah
amount,cantidad
members,miembros
kate,Kate
manage,administrar
safety,seguridad
returned,devuelto
harder,más difícil
fbi,FBI
block,bloquear
showing,demostración
fancy,elegante
chef,cocinero
contract,contrato
dig,excavar
chest,pecho
good-bye,adiós
drinks,bebidas
dave,dave
buried,enterrado
brian,brian
trade,comercio
journey,viaje
stomach,estómago
changes,cambios
details,detalles
thoughts,pensamientos
divorce,divorcio
funeral,funeral
maria,maría
football,fútbol americano
reality,realidad
theory,teoría
gosh,Dios mio
ruined,arruinado
gate,puerta
william,Guillermo
spread,desparramar
outta,fuera
japanese,japonés
sudden,repentino
coat,abrigo
sooner,cuanto antes
cheese,queso
larry,Larry
spring,primavera
page,página
ears,orejas
simon,Simón
castle,castillo
hidden,oculto
storm,tormenta
cos,costilla
personally,personalmente
artist,artista
hill,colina
exciting,emocionante
permission,permiso
jerry,alemán
expensive,caro
tickets,Entradas
forest,bosque
barely,apenas
eggs,huevos
goin,entra
regret,arrepentirse
lesson,lección
lover,amante
bread,pan
andy,Andy
subject,sujeto
legal,legal
growing,creciente
ill,enfermo
jason,jasón
mood,ánimo
owner,dueño
caused,causado
beeping,pitido
points,puntos
dating,tener una cita
loss,pérdida
secretary,secretario
revenge,venganza
santa,Papa Noel
likely,probable
rent,alquilar
connection,conexión
assistant,asistente
reasons,razones
yelling,gritos
painting,cuadro
trees,árboles
doctors,doctores
rush,correr
foreign,extranjero
rough,bruto
murderer,asesino
century,siglo
nights,noches
pair,par
runs,carreras
pocket,bolsillo
farm,granja
matt,mate
bike,bicicleta
obvious,obvio
ate,comió
grew,creció
professional,profesional
tim,Tim
goodness,bondad
parts,partes
alan,alan
university,universidad
square,cuadrado
grandfather,abuelo
europe,Europa
genius,genio
cases,casos
ruin,ruina
winter,invierno
tongue,lengua
memories,recuerdos
da,cañón
buying,comprar
cancer,cáncer
clock,reloj
ocean,océano
dna,ADN
liar,mentiroso
tour,recorrido
thief,ladrón
bleep,emitir pitidos
lisa,lisa
rights,derechos
including,incluido
competition,competencia
smith,Herrero
planned,planificado
emily,Emily
boring,aburrido
victims,víctimas
mentioned,mencionado
bones,huesos
plant,planta
bless,bendecir
warning,advertencia
knocking,golpes
re,re
crash,chocar
bedroom,dormitorio
lower,más bajo
silver,plata
groaning,gimiendo
madame,señora
defense,defensa
results,resultados
toilet,baño
event,evento
complicated,complicado
shape,forma
priest,sacerdote
royal,real
cheap,barato
romantic,romántico
downstairs,abajo
invite,invitar
fortune,fortuna
tears,lágrimas
avoid,evitar
reached,alcanzó
higher,más alto
familiar,familiar
telephone,teléfono
burning,incendio
filled,completado
kelly,Kelly
alice,Alicia
airport,aeropuerto
jobs,trabajos
grown,crecido
walter,Walter
rachel,Rachel
giant,gigante
insurance,seguro
woods,bosque
n,norte
scare,susto
pleased,complacido
period,período
political,político
player,jugador
stops,parada
secrets,misterios
laura,Laura
repeat,repetir
photos,fotos
finds,hallazgos
statement,declaración
suck,chupar
younger,más joven
china,porcelana
humans,humanos
delicious,delicioso
particular,particular
proper,adecuado
rome,Roma
belongs,pertenencia
attacked,atacado
bath,baño
hired,contratado
site,sitio
knowledge,conocimiento
b,b
led,condujo
guests,huéspedes
celebrate,celebrar
map,mapa
horn,bocina
eventually,eventualmente
pity,lástima
powers,potestades
ashamed,avergonzado
assume,asumir
glasses,anteojos
rise,elevar
fixed,fijado
request,pedido
officers,oficiales
pounds,libras
data,datos
carefully,con cuidado
per,por
depends,depende
jury,jurado
waited,esperado
positive,positivo
attorney,abogado
direction,dirección
families,familias
clock,reloj
doin,hacer
forces,efectivo
location,ubicación
walls,paredes
useless,inútil
grant,conceder
saving,ahorro
speaks,habla
fought,luchó
meal,comida
deliver,entregar
answers,respuestas
changing,cambiando
temple,templo
scary,aterrador
millions,millones
offered,Ofrecido
regular,regular
carrying,que lleva
official,oficial
jacket,chaqueta
switch,cambiar
grave,tumba
chase,perseguir
role,role
odd,extraño
sexy,sexy
faces,caras
becomes,se convierte en
closes,cierre
badly,gravemente
tall,alto
confused,confundido
affair,amorío
television,televisión
shock,choque
raised,aumentó
panting,jadeo
pizza,pizza
image,imagen
clears,desplegable
golden,dorado
patients,pacientes
watched,observó
committed,comprometido
sexual,sexual
suffer,sufrir
arthur,Arturo
wherever,lo que sea
plate,lámina
appear,aparecer
chocolate,chocolate
clever,inteligente
hm,hm
mercy,merced
shots,disparos
lucy,Lucy
dealing,relación comercial
trap,trampa
charges,cargos
phil,Phil
bang,estallido
poison,veneno
butt,culata
drove,condujo
yourselves,ustedes mismos
headed,con membrete
babies,bebés
yellow,amarillo
soup,sopa
mystery,misterio
picking,cosecha
sat,se sentó
wound,herida
traffic,tráfico
courage,coraje
hunt,caza
indian,indio
rat,rata
terms,términos
italian,italiano
emma,Emma
checking,comprobación
disease,enfermedad
managed,administrado
winner,ganador
council,concejo
appointment,cita
monday,lunes
crack,grieta
threat,amenaza
jenny,jenny
physical,físico
nation,nación
source,fuente
chose,elegir
healthy,saludable
carl,carl
victory,victoria
rick,almiar
stood,permaneció
kicked,golpeado
annie,Annie
disgusting,desagradable
palace,palacio
below,abajo
shopping,compras
neighborhood,vecindario
march,marzo
lips,labios
midnight,medianoche
piss,orinar
advantage,ventaja
pure,puro
india,India
aside,aparte
jerk,idiota
mail,correo
dawn,amanecer
effect,efecto
spell,deletrear
freak,fenómeno
wood,madera
screwed,atornillado
enemies,enemigos
gary,Gary
awake,despierto
chuckling,riéndose
vacation,vacaciones
violence,violencia
leo,León
grandmother,abuela
modern,moderno
luke,luque
firm,firme
prime,principal
heh,je
touched,tocado
talent,talento
whore,puta
piano,piano
license,licencia
cooking,cocinando
honour,honor
concern,inquietud
moves,movimientos
available,disponible
factory,fábrica
gods,Dioses
value,valor
central,central
union,Unión
mirror,espejo
studio,estudio
media,medios de comunicación
taxi,Taxi
dies,matrices
iron,hierro
hearts,corazones
desire,deseo
rob,robar
claire,Claire
fred,Fred
songs,canciones
washington,Washington
monkey,mono
pride,orgullo
pills,píldoras
miracle,milagro
swim,nadar
burned,quemado
smells,olores
joking,bromas
christian,cristiano
bleeding,sangrado
hook,gancho
beating,golpeando
protection,proteccion
treatment,tratamiento
ear,oreja
carter,carretero
metal,metal
disappear,desaparecer
grateful,agradecido
extremely,extremadamente
treasure,tesoro
rescue,rescate
capable,capaz
passing,paso
chatter,charla
result,resultado
suffering,sufrimiento
sisters,hermanas
laid,establecido
governor,gobernador
guards,guardia
louis,Louis
text,texto
literally,literalmente
remove,eliminar
becoming,convirtiéndose
performance,actuación
stronger,más fuerte
rate,tasa
deeply,profundamente
scream,gritar
desert,desierto
vehicle,vehículo
illegal,ilegal
pulling,tracción
throwing,lanzamiento
josh,Josh
unbelievable,increíble
ted,ted
zero,cero
dean,decano
curious,curioso
sean,Sean
candy,dulce
bone,hueso
tied,atado
edge,borde
load,carga
susan,Susan
ahh,ah
mountains,montañas
boom,auge
former,anterior
holiday,día festivo
riding,equitación
scoffs,burla
hundreds,cientos
motherfucker,hijo de puta
sue,demandar
bags,bolsas
stealing,robando
appears,aparecer
arrive,llegar
remains,restos
decent,decente
issues,asuntos
tip,consejo
fail,fallar
bride,novia
pissed,Molesto
penny,centavo
claim,afirmar
friendship,amistad
desperate,desesperado
flower,flor
dramatic,dramático
refuse,rechazar
solve,resolver
theme,tema
loving,cariñoso
properly,adecuadamente
dragon,continuar
mostly,principalmente
chuck,arrojar
directly,directamente
surface,superficie
FALSE,FALSO
cast,elenco
junior,júnior
hunting,caza
silent,silencioso
thou,tú
egg,huevo
germany,Alemania
punch,puñetazo
africa,África
woke,despierto
intelligence,inteligencia
borrow,pedir prestado
winning,victorioso
falls,caídas
popular,popular
escaped,escapado
witch,bruja
convinced,convencido
warn,advertir
announcer,locutor
champagne,champán
dust,polvo
kyle,kyle
someday,algún día
fallen,caído
stranger,extraño
presence,presencia
tear,lágrima
st.,calle.
internet,Internet
monsieur,monsieur
therefore,por lo tanto
technology,tecnología
tires,llantas
toast,tostada
wise,inteligente
clark,aclarar
americans,estadounidenses
notes,notas
smoking,de fumar
hank,madeja
ls,LS
april,abril
wolf,lobo
precious,precioso
rooms,habitaciones
coast,costa
treated,tratado
material,material
released,liberado
uniform,uniforme
hated,odiado
considered,consideró
rice,arroz
exchange,intercambio
steps,pasos
blake,estirarse
convince,convencer
beast,bestia
cow,vaca
files,archivos
signs,señales
drag,arrastrar
cab,taxi
hung,colgado
carried,transportado
ordinary,común
successful,exitoso
eve,víspera
mistakes,errores
houses,casas
chattering,charla
brains,sesos
japan,Japón
creature,criatura
fourth,cuatro
separate,separado
cleaning,limpieza
california,California
lf,LF
ll,LL
shift,cambio
elizabeth,Elizabeth
chicago,Chicago
exact,exacto
karen,karen
goal,meta
expert,experto
served,servido
direct,directo
score,puntaje
row,fila
marks,marcas
twenty,veinte
receive,recibir
series,serie
section,sección
pilot,piloto
jackson,Jackson
darkness,oscuridad
thy,tu
sale,venta
destiny,destino
cure,curar
spoken,hablado
armed,armado
rare,extraño
helen,helen
grade,calificación
juice,jugo
wide,ancho
tower,torre
solution,solución
schedule,cronograma
explosion,explosión
wheel,rueda
cigarette,cigarrillo
julie,julie
fruit,fruta
blew,sopló
victor,Víctor
talks,negociaciones
sacrifice,sacrificio
range,rango
button,botón
reports,informes
prisoner,prisionero
pie,tarta
effort,esfuerzo
youth,juventud
pot,maceta
eaten,comido
taylor,Taylor
knees,rodillas
garage,cochera
parking,estacionamiento
ambulance,ambulancia
staring,mirando fijamente
chances,posibilidades
circumstances,circunstancias
sin,pecado
gordon,Gordon
progress,progreso
unusual,inusual
county,condado
stairs,escaleras
campaign,campaña
mon,lun
vision,visión
reporter,reportero
equipment,equipo
moments,momentos
joey,joey
mass,masa
alien,extraterrestre
trapped,atrapado
helps,ayuda
route,ruta
defend,defender
trace,rastro
nasty,asqueroso
tests,pruebas
magazine,revista
rocks,rocas
dump,vertedero
rude,brusco
searching,buscando
clue,clave
connected,conectado
amen,amén
pushed,empujado
merry,alegre
zone,zona
senior,sénior
closing,clausura
freeze,congelar
emperor,emperador
incident,incidente
snake,serpiente
mexico,México
lily,lirio
actor,actor
newspaper,periódico
sentence,oración
greg,gregón
leading,principal
friendly,amigable
jones,Jones
chosen,elegido
engaged,comprometido
julia,Julia
charming,encantador
mustn,mustn
anger,enojo
spending,gasto
learning,aprendiendo
spy,espiar
sharp,afilado
shadow,sombra
warrant,orden
elevator,ascensor
kingdom,Reino
ricky,ricky
jamie,jamie
squad,equipo
shoulder,hombro
wave,ola
amanda,Amanda
highness,Alteza
kinds,tipo
fishing,pesca
sometime,a veces
attitude,actitud
sucks,chupa
negative,negativo
screen,pantalla
workers,trabajadores
bored,aburrido
cameras,cámaras
similar,similar
understanding,comprensión
beeps,pitidos
chain,cadena
bull,toro
gasping,jadeo
fully,completamente
robin,Robin
collect,recolectar
gorgeous,espléndido
morgan,morgan
passion,pasión
writer,escritor
empire,imperio
international,internacional
curse,maldición
hire,contratar
bastards,bastardos
puts,pone
leads,dirige
id,identificación
blows,golpes
sons,hijos
estate,bienes
customers,clientes
maggie,maggie
gunshot,cañonazo
i-,i-
device,dispositivo
troops,tropas
hug,abrazo
design,diseño
movement,movimienot
thunder,trueno
object,objeto
loser,perdedor
pen,bolígrafo
sobbing,sollozo
politics,política
despite,a pesar de
alcohol,alcohol
climb,trepar
clients,clientela
conference,conferencia
provide,proporcionar
marty,marty
seek,buscar
witnesses,testigos
earn,ganar
trash,basura
valley,valle
fashion,moda
howard,Howard
episode,episodio
prize,premio
previously,previamente
sports,Deportes
wanting,falto
debt,deuda
wishes,deseos
hitler,hitler
wire,cable
thee,El e
circle,círculo
approach,acercarse
stock,existencias
facts,hechos
remembered,recordado
percent,por ciento
normally,normalmente
tail,cola
joined,unido
education,educación
bravo,Bravo
library,biblioteca
rape,violación
wings,alas
growling,gruñido
thrown,lanzado
tank,tanque
exhales,exhalos
authority,autoridad
current,actual
failure,falla
nightmare,pesadilla
hitting,bateador
glory,gloria
knocked,golpeado
studying,estudiando
barry,Barry
agency,agencia
apple,manzana
border,borde
rope,soga
duck,pato
reputation,reputación
confidence,confianza
yard,patio
beloved,amado
lack,falta
actual,actual
skills,habilidades
films,Película (s
mental,mental
salt,sal
flesh,carne
anne,Ana
secure,seguro
highly,altamente
federal,federal
sand,arena
emotional,emocional
setting,configuración
nothin,nada
senator,senador
services,servicios
robbery,robo
hates,odios
fed,alimentado
reward,premio
theater,teatro
johnson,Johnson
commit,comprometerse
patrick,Patricio
entirely,enteramente
extraordinary,extraordinario
ships,buques
opposite,opuesto
parties,fiestas
stands,stands
terry,Terry
chat,charlar
events,eventos
mummy,momia
bay,bahía
slip,deslizar
disappointed,decepcionado
settled,establecido
begins,comienza
andrew,Andrés
alert,alerta
detail,detalle
pink,rosa
fellas,muchachos
accepted,aceptado
background,fondo
garbage,basura
panic,pánico
minds,mentes
belt,cinturón
blowing,soplo
hollywood,Hollywood
agreement,acuerdo
jackie,jackie
pushing,emprendedor
ability,capacidad
tiger,tigre
whispering,susurro
culture,cultura
saint,Smo
jesse,jesse
task,tarea
solid,sólido
doll,muñeca
intend,pretender
district,distrito
pa,Pensilvania
gee,Caramba
custody,custodia
ignore,ignorar
naturally,naturalmente
useful,útil
attempt,intentar
abandoned,abandonado
cutting,corte
kissed,besado
guarantee,garantizar
barking,ladrido
gather,recolectar
policy,política
u.s.,a nosotros.
violent,violento
maid,mucama
embarrassing,embarazoso
childhood,infancia
wasting,debilitante
bow,arco
chick,polluelo
sara,Sara
disaster,desastre
revolution,revolución
online,en línea
f,F
demon,demonio
heavily,fuertemente
coincidence,coincidencia
perform,llevar a cabo
thin,delgado
terrific,fantástico
mac,Mac
crown,corona
identity,identidad
virgin,virgen
impressive,impresionante
windows,Windows
no-one,nadie
potential,potencial
guitar,guitarra
committee,comité
dozen,docena
delivery,entrega
advance,avance
quietly,en silencio
stan,stan
teaching,enseñando
hunter,cazador
latest,el último
hurting,doloroso
swing,balancearse
capital,capital
counting,contando
drew,dibujó
dirt,suciedad
whistle,silbar
marie,marie
hits,golpes
doug,doug
deny,denegar
urgent,urgente
threatened,amenazado
behavior,comportamiento
molly,muchacha
mixed,mezclado
stays,corsé
assure,asegurar
subtitles,subtítulos
explanation,explicación
wins,victorias
unique,único
chasing,persecución
billion,mil millones
duke,duque
production,producción
slave,esclavo
agents,agentes
carol,villancico
lets,levia
cruel,cruel
mask,mascarilla
sally,salida
behave,comportarse
bury,enterrar
massive,masivo
pathetic,patético
species,especies
approaching,que se acerca
jo,Jo
loan,préstamo
struggle,lucha
dish,plato
trusted,de confianza
jumped,saltó
firing,disparo
channel,canal
abby,abby
stopping,parada
asks,pidiendo
jean,vaquero
swimming,nadar
daily,a diario
basement,sótano
linda,linda
quarter,cuarto
erm,erm
bound,atado
navy,Armada
article,artículo
guide,guía
accused,acusado
transfer,transferir
guts,vísceras
quality,calidad
fella,hombre
roman,romano
greater,mayor que
damned,maldito
couch,sofá
cheer,alegría
vegas,Vegas
shoe,zapato
title,título
shy,tímido
punishment,castigo
los,Loss
clicks,hacer clics
you,tú
closet,armario
bye-bye,adiós
fever,fiebre
coward,cobarde
flash,destello
impressed,impresionado
bruce,bruce
siren,sirena
prisoners,prisioneros
sides,lado
bowl,bol
katie,katie
supply,suministrar
sensitive,sensible
hopefully,con un poco de suerte
rolling,laminación
roy,roy
dollar,dólar
tone,tono
voices,voces
g,gramo
i,i
cheating,infiel
confess,confesar
demand,demanda
museum,museo
unknown,desconocido
drama,drama
suspicious,sospechoso
adult,adulto
todd,TODD
frightened,atemorizado
warned,prevenido
steady,estable
kills,matar
crossed,cruzado
lou,Lou
particularly,particularmente
sandwich,sándwich
laws,leyes
joint,articulación
bullets,balas
package,paquete
trained,entrenado
thursday,jueves
boots,botas
possibility,posibilidad
albert,Albert
civil,civil
june,junio
germans,alemanes
baseball,béisbol
express,expresar
miserable,miserable
tuesday,martes
parker,parker
lion,león
joseph,Joseph
refused,rechazado
shine,brillar
assault,agresión
hong,hong
jokes,bromas
breaks,brote
argue,argumentar
you-,tú-
trail,camino
option,opción
recall,recordar
mighty,poderoso
collection,recopilación
oliver,Oliver
wilson,Wilson
accent,acento
believes,cree
decisions,decisiones
embarrassed,avergonzado
mobile,móvil
customer,cliente
terribly,terriblemente
sec,segundo
charity,caridad
considering,considerando
pussy,coño
donna,donna
protecting,proteger
flag,bandera
kidnapped,secuestrado
italy,Italia
balance,balance
creatures,criaturas
nuclear,nuclear
wallet,billetera
shout,gritar
vincent,vicente
entered,ingresó
impression,impresión
angela,Angela
jay,arrendajo
degrees,grados
favour,favor
reaction,reacción
network,red
jessica,Jessica
version,versión
concert,concierto
gear,engranaje
singer,cantante
diamond,diamante
defeat,fracaso
steven,Steven
lane,carril
blast,explosión
wounded,herido
anytime,en cualquier momento
partners,socios
ages,siglos
charlotte,Charlotte
ceremony,ceremonia
league,liga
bars,barras
orange,naranja
specific,específico
conditions,condiciones
plastic,el plastico
crisis,crisis
fifth,quinto
term,término
self,ser
offering,ofrecimiento
bud,brote
suffered,sufrido
reported,reportado
commissioner,notario
rip,rotura
mysterious,misterioso
entrance,entrada
messed,desordenado
tunnel,túnel
designed,diseñado
neighbor,vecino
aboard,a bordo
sweat,sudor
justin,Justin
ghosts,fantasmas
crimes,crímenes
costs,costos
deserves,merece
dreaming,soñador
bust,busto
el,El
teddy,osito de peluche
kong,kong
messages,mensajes
enjoying,disfrutando
afterwards,después
comfort,comodidad
mason,masón
surrender,rendirse
gym,gimnasia
kitty,gatito
crush,aplastar
yup,sí
arranged,organizado
suits,trajes
pee,orinar
stress,estrés
cave,cueva
wing,ala
jordan,Jordán
arrange,arreglar
comrade,camarada
noble,noble
tricks,trucos
betty,betty
launch,lanzamiento
legend,leyenda
mix,mezcla
golf,golf
imagination,imaginación
fox,zorro
kissing,besos
butter,manteca
tax,impuesto
gross,bruto
edward,Eduardo
texas,Texas
insist,insistir
marcus,Marco
classic,clásico
selfish,egoísta
skull,cráneo
frankie,Frankie
shown,mostrado
bat,murciélago
survived,sobrevivió
print,imprimir
champion,campeón
bills,facturas
therapy,terapia
lifetime,toda la vida
throughout,a lo largo de
a.m.,soy.
nathan,Nathan
toward,hacia
sauce,salsa
experiment,experimento
margaret,margarita
describe,describir
ross,Ross
grass,césped
cheat,engañar
attend,asistir
homework,tarea
lewis,Luis
betrayed,traicionado
servant,servidor
cap,gorra
tyler,tyler
bible,Biblia
practically,prácticamente
catherine,Catherine
steel,acero
wipe,limpiar
burns,quemaduras
j,j
generation,generación
cabin,cabina
financial,financiero
industry,industria
bond,vínculo
sheep,oveja
scientists,científicos
beaten,vencido
heck,infierno
deck,cubierta
fans,aficionados
script,guion
brand,marca
degree,grado
painful,doloroso
coughing,tos
religion,religión
cats,gatos
stephen,Stephen
influence,influencia
fuel,combustible
drawing,dibujo
uh-oh,UH oh
rabbit,conejo
exercise,ejercicio
attractive,atractivo
touching,conmovedor
virus,virus
realise,darse cuenta
torture,tortura
blessed,bendecido
plain,plano
rebecca,Rebecca
recent,reciente
barbara,Bárbara
footsteps,pasos
sacred,sagrado
removed,remoto
pretending,fingido
wasted,desperdiciado
jewish,judío
goodnight,buenas noches
robot,robot
crystal,cristal
confirm,confirmar
lad,muchacho
mile,milla
division,división
scratch,rascar
reminds,recuerda
walks,camina
ending,finalizando
russia,Rusia
contest,concurso
valuable,valioso
distant,distante
dumped,arrojado
motion,movimiento
electricity,electricidad
centre,centro
murders,asesinatos
tina,Tina
jeremy,Jeremy
seal,sello
standard,estándar
ellen,Ellen
wore,vistió
surrounded,rodeado
struck,golpeado
inform,informar
gentle,amable
status,estado
purse,cartera
prints,huellas dactilares
players,jugadores
charged,cargado
begging,mendicidad
delivered,entregado
kenny,Kenny
buck,dólar
nina,Nina
construction,construcción
confirmed,confirmado
confession,confesión
trigger,desencadenar
cells,células
frankly,francamente
ali,ali
exit,salida
response,respuesta
cancel,Cancelar
argument,argumento
principal,principal
turkey,pavo
lucas,Lucas
clinic,clínica
greetings,saludos
neighbors,vecinos
vice,vicio
toy,juguete
hannah,Hannah
everyday,cada día
generous,generoso
gain,ganar
idiots,idiotas
holly,acebo
enjoyed,disfruté
jungle,selva
link,enlace
underground,subterráneo
smiling,sonriente
mistress,amante
teams,equipos
product,producto
beef,carne de res
whispers,susurros
religious,religioso
presents,regalos
identify,identificar
chip,chip
chffffff,chffffff
surveillance,vigilancia
carlos,carlos
vampire,vampiro
routine,rutina
uses,usos
michelle,Michelle
underneath,debajo
systems,sistemas
temperature,temperatura
waves,ondas
tribe,tribu
brad,puntilla
deputy,diputado
sophie,Sophie
headquarters,sede
equal,igual
phones,Los telefonos
ken,conocido
reckon,contar
related,relacionado
incredibly,increíblemente
chill,enfriar
spit,escupir
tracks,pistas
oscar,Oscar
makeup,constituir
bug,bicho
sounded,sonado
spirits,espíritu
nerve,nervio
divorced,divorciado
stake,apostar
port,puerto
doorbell,timbre de la puerta
worries,preocupaciones
nephew,sobrino
miller,molinero
units,unidades
just-,justo-
proceed,proceder
landing,aterrizaje
traitor,traidor
outfit,atuendo
chloe,chloe
bail,fianza
fields,campos
patience,paciencia
recording,grabación
foolish,necio
loaded,cargado
tokyo,Tokio
davis,Davis
costume,traje
wayne,Wayne
injured,herido
somethin,algo
ian,Ian
pet,mascota
cage,jaula
digging,excavación
spain,España
seats,asientos
awkward,extraño
cleaned,limpio
pattern,patrón
filthy,asqueroso
visiting,visitando
jews,judíos
answering,respuesta
concentrate,concentrarse
someplace,en algún lugar
citizens,los ciudadanos
aim,apuntar
nancy,Nancy
affairs,asuntos
thick,grueso
sport,deporte
basic,básico
electric,eléctrico
pleasant,agradable
cliff,acantilado
nail,clavo
russell,Russell
environment,ambiente
western,occidental
average,promedio
ease,facilidad
raped,violado
interrupt,interrumpir
judy,Judy
satisfied,satisfecho
beep,bip
starving,hambriento
documents,documentos
anniversary,aniversario
beth,beth
election,elección
warrior,guerrero
r,riñonal
forth,adelante
fetch,buscar
banks,bancos
placed,metido
timing,momento
stones,piedras
complex,complejo
frozen,congelado
replace,reemplazar
prayer,oración
skip,saltar
angeles,Ángeles
guilt,culpa
tune,melodía
woo,cortejar
actions,comportamiento
conscience,conciencia
officially,oficialmente
martha,Martha
machines,máquinas
smaller,menor
determined,determinado
blown,estropeado
hail,granizo
unhappy,infeliz
booth,puesto
pour,verter
berlin,Berlina
cleared,despejado
packed,lleno
wrap,envoltura
randy,cachondo
behalf,beneficio
reasonable,razonable
trunk,trompa
homes,casas
festival,festival
tradition,tradición
cigarettes,cigarrillos
le,lealté
beside,al lado de
harvey,hábil
motive,motivo
beings,seres
bishop,obispo
dealer,distribuidor
defendant,acusado
backup,respaldo
wounds,heridas
ouch,Ay
ann,Ana
nearby,cercano
drank,bebió
effects,efectos
jonathan,Jonathan
dennis,Dennis
benefit,beneficio
adventure,aventura
p,pag
territory,territorio
ve,ver
apology,disculpa
dylan,dylan
unlike,a diferencia de
owns,posee
boxes,cajas
thus,de este modo
clay,arcilla
developed,desarrollado
busted,arrestado
pipe,tubo
gray,gris
no.,No.
goods,bienes
favourite,favorito
salad,ensalada
loyal,leal
atmosphere,atmósfera
eva,Eva
freaking,maldito
dropping,goteante
strangers,extraños
mouse,ratón
downtown,centro
francisco,Francisco
heroes,héroes
pit,fosa
rotten,podrido
paradise,paraíso
meantime,mientras tanto
jess,cadena
organization,organización
hills,sierras
exam,examen
cock,polla
fairy,hada
earl,conde
comment,comentario
activity,actividad
frame,marco
knight,caballero
testing,pruebas
habit,hábito
shelter,refugio
flow,fluir
jennifer,Jennifer
holes,agujeros
prevent,prevenir
anthony,Antonio
lend,prestar
cooper,cobre
figures,cifras
boston,bostón
sample,muestra
strip,banda
landed,aterrizado
buzzing,zumbido
monk,monje
slightly,levemente
produce,producir
annoying,irritante
judgment,juicio
laundry,lavadero
ron,ron
lousy,malísimo
souls,almas
existence,existencia
belly,barriga
tries,intentos
foster,alentar
returning,que regresa
answered,contestada
ward,pabellón
plants,plantas
actress,Actriz
chairman,presidente
individual,individual
hopes,esperanzas
tattoo,tatuaje
fence,cerca
sink,hundir
punk,punk
confident,seguro
yay,Hurra
mistaken,equivocado
limit,límite
bothering,molesto
st,calle
uncomfortable,incómodo
wednesday,miércoles
gifts,regalos
policeman,policía
na,n / A
precisely,precisamente
lawyers,abogados
greek,griego
merely,meramente
criminals,criminales
underwear,ropa interior
hoped,esperado
earned,ganado
reveal,revelar
appeared,apareció
derek,Derek
heavens,Cielos
personality,personalidad
batman,hombre murciélago
virginia,Virginia
wives,esposas
colour,color
worker,obrero
pope,papa
instructions,instrucciones
intelligent,inteligente
worrying,preocupante
vince,vince
comin,llegar
cried,llorado
traveling,de viaje
bells,campanas
x,X
impact,impacto
robbed,robado
relief,alivio
host,anfitrión
footage,imágenes
odds,impares
patrol,patrulla
circus,circo
mud,lodo
captured,capturado
lessons,lecciones
occasion,ocasión
sets,sets
pulse,legumbres
ad,anuncio
invented,inventado
diamonds,diamantes
matthew,Mateo
auntie,tía
cloud,nube
francis,Francis
angels,ángeles
hers,suyo
classes,clases
mm-hm,mm-hm
signature,firma
complain,quejarse
blah,paja
monitor,monitor
options,opción
claims,reclamos
flies,moscas
pat,palmadita
britain,Bretaña
hid,escondido
wailing,gemidos
listened,escuchado
countries,países
vic,vic
yell,gritar
rats,ratas
wondered,maravilloso
smooth,liso
resist,resistir
companies,compañías
fantasy,fantasía
passport,pasaporte
pitch,paso
hammer,martillo
homicide,homicidio
casey,Casey
holds,agujeros
flew,voló
jacob,jacob
noon,mediodía
helicopter,helicóptero
dishes,platos
spin,girar
charm,encanto
slap,bofetada
apply,aplicar
fools,tontos
screeching,chillido
discover,descubrir
previous,anterior
kit,equipo
authorities,autoridades
moaning,gemido
photograph,fotografía
sales,ventas
fifty,cincuenta
mickey,mickey
beneath,bajo
farewell,despedida
clouds,nubes
slipped,resbalado
represent,representar
deaf,sordo
facing,frente a
offense,ofensa
citizen,ciudadano
clown,payaso
snap,quebrar
messing,desordenado
hood,capucha
twelve,doce
interests,intereses
cheated,engañado
liz,liz
informed,informado
humanity,humanidad
producer,productor
technically,técnicamente
accounts,cuentas
extreme,extremo
gettin,Gettin
cia,CIA
ii,II
pays,paga
profile,perfil
oxygen,oxígeno
jeez,brusco
gene,gene
shed,cobertizo
minor,menor
ex,ex
theatre,teatro
scientific,científico
lovers,amantes
chaos,caos
l.a.,la.
rocket,cohete
math,matemáticas
stubborn,tenaz
august,agosto
oi,oi
chips,papas fritas
intense,intenso
grey,gris
talkin,hablar
terrorist,terrorista
angle,ángulo
invitation,invitación
gus,gus
gambling,juego
respond,responder
thirty,treinta
procedure,procedimiento
absolute,absoluto
investigate,investigar
tragedy,tragedia
stable,estable
session,sesión
capture,captura
marrying,casarse
ripped,rasgado
attacks,ataques
stretch,estirar
bush,arbusto
dates,fechas
unable,incapaz
gates,puertas
mars,Marte
artists,artistas
increase,aumentar
tastes,sabores
cared,atendido
bottles,botellas
highest,el más alto
whirring,zumbido
meanwhile,mientras tanto
nate,nate
grabbed,agarrado
pigs,cerdo
chop,cortar
olivia,Olivia
wheels,ruedas
shocked,conmocionado
reverend,reverendo
commercial,comercial
escort,escolta
engagement,compromiso
corpse,cadáver
louise,lúcido
worthy,valioso
scale,escala
beats,ritmo
williams,Williams
threatening,amenazante
exists,existe
academy,academia
acts,hechos
hop,brincar
judges,jueces
furniture,muebles
shared,compartido
ralph,ralph
consequences,consecuencias
engineer,ingeniero
schools,escuelas
softly,suavemente
bombs,bombas
caroline,carolino
shark,tiburón
transport,transporte
population,población
succeed,tener éxito
creepy,espeluznante
sneak,furtivo
studies,estudios
destruction,destrucción
keith,Keith
protected,protegido
monsters,monstruos
joining,unión
punished,castigado
lightning,iluminación
malcolm,malcolm
shell,caparazón
fascinating,fascinante
chamber,cámara
ethan,Ethan
romance,romance
instance,instancia
jumping,salto
groups,grupos
exhausted,exhausto
testify,testificar
studied,estudió
walker,caminante
pin,alfiler
imagined,imaginado
drill,perforar
investigating,investigador
ye,S.M
experienced,experimentado
elena,Elena
necklace,collar
loyalty,lealtad
junk,basura
cole,col
cries,llantos
stanley,stanley
rita,rita
southern,del Sur
blocks,bloques
emotions,emociones
begun,comenzar
maya,maya
liver,hígado
serving,servicio
matches,partidos
surgeon,cirujano
granted,otorgada
jazz,jazz
july,julio
supplies,suministros
deeper,Más adentro
typical,típico
kicking,patada
obey,cumplir
dancer,bailarín
remote,remoto
daughters,hijas
moron,imbécil
latin,latín
teachers,maestros
toby,toby
sandy,arenoso
dragged,arrastrado
strategy,estrategia
parent,padre
jin,jin
album,álbum
compared,comparado
rubbish,basura
helpful,útil
powder,polvo
sync,sincronización
bum,culo
passes,pases
joan,Joan
fort,fuerte
choices,opción
alley,callejón
supper,cena
penis,pene
alibi,coartada
sammy,sammy
pole,polo
coke,Coca
scientist,científico
fighter,combatiente
highway,carretera
blade,cuchilla
alpha,alfa
diet,dieta
liquor,espíritu
jet,chorro
widow,viuda
liberty,libertad
philip,Filipes
moral,moral
carrie,Carrie
award,otorgar
grief,dolor
thirsty,sediento
ashley,Ashley
random,aleatorio
suspects,sospechosos
intention,intención
julian,Julian
active,activo
tools,herramientas
driven,impulsado
trauma,trauma
headache,dolor de cabeza
safely,sin peligro
alexander,Alejandro
knee,rodilla
lads,chicas
novel,novedoso
conversations,conversaciones
waters,aguas
lookin,pase a ver
invisible,invisible
internal,interno
peaceful,pacífico
humming,zumbador
washed,lavado
drives,impulsos
talented,talentoso
li,li
aid,ayuda
elephant,elefante
troubles,nubes
core,centro
serial,de serie
s-,s-
painted,pintado
the,el
divine,divino
jam,mermelada
goat,cabra
opera,ópera
thieves,ladrones
guessing,adivinación
objection,objeción
whiskey,whisky
florida,Florida
resistance,resistencia
dressing,vendaje
attached,adjunto
aaron,Aaron
brief,breve
punish,castigar
eternal,eterno
lois,veloz
and,y
required,requerido
victoria,victoria
fabulous,fabuloso
twins,mellizos
characters,caracteres
cooked,cocido
ln,ln
ruth,piedad
dreamed,soñado
arts,letras
naughty,travieso
stabbed,apuñalado
tend,tender
diane,Diane
tap,grifo
soap,jabón
locker,armario
development,desarrollo
images,imágenes
prick,pinchazo
global,global
string,cadena
bitter,amargo
sharing,intercambio
corn,maíz
craig,craig
fits,encaja
tent,carpa
forms,formularios
votes,votos
harold,Harold
propose,proponer
monica,Mónica
constantly,constantemente
granny,abuelita
nicely,bien
nerves,nervios
arguing,discutiendo
abuse,abuso
relatives,parientes
survival,supervivencia
gloves,guantes
tracking,seguimiento
zoe,zoe
u,u
bend,doblar
review,revisar
connect,conectar
separated,apartado
elder,mayor
beard,barba
admiral,almirante
diana,Diana
salary,salario
areas,áreas
disturb,molestar
pro,Pro
maintain,mantener
solved,resuelto
wealth,poder
bitches,perras
possession,posesión
sang,cantó
gimme,dar a luz
plates,platos
shoulders,espalda
burnt,quemado
recorded,grabado
upper,superior
counts,cuenta
tale,cuento
profit,ganancia
colleague,colega
warehouse,depósito
hostage,rehén
shore,costa
porn,pornografía
miami,Miami
fifteen,quince
visitors,visitantes
bo,bo
net,neto
insult,insulto
owen,Owen
cities,ciudades
causing,causa
lemon,limón
heal,sanar
banging,golpe
honeymoon,Luna de miel
appeal,apelar
marshall,marshall
critical,crítico
creating,creación
scotland,Escocia
crane,grua
enormous,enorme
testimony,testimonio
praise,elogio
fights,peleas
indians,indios
commission,comisión
growls,gruñidos
nicole,nicole
sins,pecados
fraud,fraude
branch,rama
happily,felizmente
bout,combate
covering,cubierta
occurred,ocurrió
beans,frijoles
raw,crudo
muscle,músculo
pages,páginas
tense,tenso
relationships,relaciones
management,gestión
assignment,asignación
blonde,rubio
catching,atrapando
exposed,expuesto
canada,Canadá
dont,no
han,Han
von,Von
comedy,comedia
marco,marco
stroke,ataque
whistling,silbido
buildings,edificios
shaking,sacudida
p.m.,pm.
facility,instalación
appropriate,adecuado
remarkable,notable
transferred,transferido
drawn,dibujado
tits,tetas
clicking,clic
symbol,símbolo
motor,motor
employees,empleados
ambassador,embajador
mothers,madres
pile,montón
feeding,alimentación
soda,soda
checks,cheques
bears,osos
cookies,galletas
slut,puta
awfully,muy
stepped,paso
toys,juguetes
levels,nivel
differently,diferentemente
magnificent,magnífico
steak,bife
tube,tubo
leaders,líder
superior,superior
herr,cria
pan,cacerola
expression,expresión
currently,actualmente
throne,trono
deadly,mortal
bee,abeja
tooth,diente
depressed,deprimido
potatoes,papas
wicked,malvado
resources,recursos
native,nativo
centuries,siglos
karl,karl
poetry,poesía
multiple,múltiple
cable,cable
shortly,dentro de poco
buzz,zumbido
socks,medias
fingerprints,huellas digitales
goddess,diosa
chin,mentón
anxious,ansioso
september,septiembre
colors,colores
basketball,baloncesto
promises,promesas
explained,explicado
appearance,apariencia
musical,musical
sends,envío
slide,deslizar
aii,aii
shawn,shawn
ultimate,último
pork,cerdo
communication,comunicación
payment,pago
structure,estructura
paperwork,papeleo
obsessed,obsesionado
lazy,perezoso
russians,rusos
actors,actores
squeeze,estrujar
magical,mágico
colleagues,colegas
admire,admirar
madness,locura
roads,carreteras
entry,entrada
injury,lesión
burden,carga
racing,carreras
manner,manera
freezing,congelación
bits,brocas
norman,normando
mount,montar
battery,batería
dessert,postre
pound,libra
visited,visitado
motel,motel
rumbling,retumbante
cinema,cine
fond,aficionado
halfway,Medio camino
rifle,rifle
reception,recepción
statue,estatua
fridge,refrigerador
brick,ladrillo
abandon,abandonar
lap,regazo
natalie,natalie
wars,lágrimas
recommend,recomendar
brush,cepillar
nelson,Nelson
pill,píldora
concept,concepto
w,w
delay,demora
quarters,cuarteles
korea,Corea
janet,Janet
rub,frotar
mall,centro comercial
soil,suelo
complaint,queja
sail,navegar
baker,panadero
coughs,tos
bucket,balde
description,descripción
badge,insignia
measure,medida
hip,cadera
function,función
indistinctly,indistintamente
harris,Harris
foundation,base
labor,mano de obra
willie,Willie
waiter,mesero
homeless,sin hogar
proved,demostrado
unfortunate,desgraciado
log,registro
meetings,reuniones
giggles,risita
combat,combate
poem,poema
polish,polaco
handed,entregó
mia,desaparecido en combate
weed,hierba
raymond,raymond
tons,montones
satellite,satélite
jersey,jersey
eagle,águila
privacy,privacidad
chapter,capítulo
treating,tratando
wisdom,sabiduría
flip,voltear
entering,entretenimiento
barn,granero
farmer,agricultor
clan,clan
budget,presupuesto
pub,pub
temporary,temporario
effective,eficaz
sonny,hijo
wendy,wendy
juan,juan
lamb,cordero
plot,trama
riley,riley
proposal,propuesta
sticks,palas
searched,buscado
blessing,bendición
rage,furia
bothered,perturbado
sydney,Sydney
basis,base
manners,modales
recover,recuperar
twist,girar
neil,neil
leak,filtración
item,artículo
catholic,católico
sighing,suspiro
retired,jubilado
kings,reyes
inner,interno
cents,centavos
affect,afectar
forbidden,prohibido
patch,parche
drops,gotas
necessarily,necesariamente
provided,proporcionó
meters,medidores
booked,reservado
returns,devoluciones
gloria,gloria
fires,incendios
humor,humor
torn,rasgado
e-mail,correo electrónico
rocky,rocoso
introduced,introducido
creative,creativo
betray,traicionar
soviet,Soviético
various,varios
added,agregado
discovery,descubrimiento
cowboy,vaquero
suspected,sospechoso
suggested,sugirió
delighted,contento
sticking,pega
dive,bucear
shane,shane
radar,Radar
prosecutor,fiscal
amber,ámbar
vast,vasto
quinn,quinn
owned,de propiedad
cookie,Galleta
finest,mejor
felix,Felix
pump,bomba
valentine,enamorado
counter,encimera
sorts,ordena
coin,moneda
warren,madriguera
slaves,esclavos
marine,marina
illness,enfermedad
sack,bolsa
bid,licitación
require,requerir
moscow,Moscú
largest,más grande
washing,Lavado
achieve,lograr
causes,causas
k,k
mo,mes
dope,droga
nest,nido
palm,palmera
logan,Logan
constant,constante
b.,b.
boo,abucheo
medication,medicamento
gravity,gravedad
booze,bebida alcohólica
noah,Noé
evan,Evan
abroad,en el extranjero
christine,Christine
rising,creciente
analysis,análisis
cuts,cortes
eats,come
employee,empleado
vodka,vodka
damaged,dañado
solar,solar
height,altura
pops,establo
yards,yardas
terrified,aterrorizado
suitcase,maleta
chemical,químico
preparing,preparando
advanced,avanzado
fund,fondo
wears,usos
chirping,chirrido
web,web
phase,fase
prom,paseo
suggesting,sugerencia
fleet,flota
lame,aburrido
irish,irlandesa
editor,editor
october,octubre
assumed,ficticio
whip,látigo
mel,Mel
region,región
amongst,entre
temper,temperamento
discussion,discusión
engines,motores
operate,funcionar
sunshine,luz solar
acted,actuado
undercover,clandestino
horror,horror
tested,probado
smash,aplastar
contrary,contrario
roses,rosas
poker,póker
wrapped,envuelto
korean,coreano
graham,graham
mi,mi
fu,fuil
ivan,Iván
focused,centrado
liam,Liam
tragic,trágico
carla,carla
demons,demonios
rounds,rondas
entertainment,entretenimiento
gathered,reunido
uhh,uhh
yells,gritos
lincoln,Lincoln
crossing,cruce
blanket,frazada
nut,tuerca
travis,traver
pockets,bolsillos
limited,limitado
paintings,pinturas
sober,sobrio
caesar,César
sis,hermana
intended,destinado
niece,sobrina
computers,ordenadores
tennis,tenis
needle,aguja
chicks,chicas
traditional,tradicional
delicate,delicado
independent,independiente
leslie,Leslie
lauren,Lauren
grandson,nieto
repair,reparar
a.,a.
brandon,brandon
executive,ejecutivo
colin,colin
recognized,Reconocido
holmes,Holmes
regarding,acerca de
weakness,debilidad
aliens,extraterrestres
gunshots,balazos
european,europeo
method,método
tool,herramienta
demands,demandas
permit,permiso
towel,toalla
daisy,margarita
nowadays,hoy en día
spider,araña
northern,del Norte
rangers,guardabosques
zoo,zoo
praying,Orando
antonio,Antonio
passengers,pasajeros
con,estafa
australia,Australia
technique,técnica
cellphone,Teléfono móvil
gently,suavemente
operations,operaciones
planes,aviones
bunny,conejito
gunfire,tiroteo
shining,brillante
backwards,hacia atrás
skill,habilidad
uh-,oh-
baron,barón
kidnapping,secuestro
iike,iike
marshal,mariscal
petty,insignificante
sealed,sellado
massage,masaje
raising,levantamiento
menu,menú
diary,diario
fucker,Cabron
wagon,vagón
audition,audición
mitch,mitch
mexican,mexicano
casino,casino
bacon,tocino
diego,diego
dutch,holandés
promotion,promoción
click,hacer clic
forgiveness,perdón
burst,explosión
permanent,permanente
interfere,interferir
chanting,canto
dammit,maldito
spencer,spencer
recovered,recuperado
registered,registrado
sunny,soleado
packing,embalaje
scenes,escena
superman,superhombre
questioning,interrogatorio
unfair,injusto
admitted,aceptado
ancestors,ancestros
polite,educado
completed,terminado
swallow,tragar
conduct,conducta
prayers,oraciones
sheet,hoja
fried,frito
avenue,avenida
poisoned,envenenado
reverse,contrarrestar
newspapers,periódicos
ford,vado
complaining,quejumbroso
senses,Sentidos
investment,inversión
absurd,absurdo
potato,papa
understands,entendimiento
grows,crecen
inspired,inspirado
ruby,rubí
celebrating,celebrando
tag,etiqueta
ram,RAM
requires,requerimiento
bonnie,bonnie
bugs,insectos
leonard,leonard
elliot,Elliot
hooked,enganchado
jill,Jill
ranch,rancho
safer,más seguro
worn,gastado
crashing,chocando
lands,tierras
heather,brezo
ash,ceniza
leather,cuero
grounds,jardines
assuming,asumiendo
nails,clavos
dana,dana
conspiracy,conspiración
thanksgiving,acción de gracias
pierre,Pierre
guardian,guardián
rumors,rumores
yen,yen
megan,Megan
ashes,cenizas
terror,terror
misunderstanding,malentendido
tire,neumático
boats,barcos
parade,desfile
halt,detener
immunity,inmunidad
adults,adulto
steam,vapor
kang,kang
closely,cercanamente
pearl,perla
soccer,fútbol
adrian,Adrio
priority,prioridad
shouts,gritos
donald,Donald
happier,más feliz
khan,kan
struggling,luchando
root,raíz
larger,más grande
november,noviembre
boot,bota
conflict,conflicto
laughed,se rio
debbie,Debbie
cherry,cereza
honking,tocante
concerns,preocupaciones
celebration,celebracion
sore,doloroso
unconscious,inconsciente
cattle,ganado
breasts,pecho
fairly,equitativamente
fee,tarifa
recognise,reconocer
wade,vadear
radiation,radiación
holidays,vacaciones
raining,lloviendo
forgetting,olvidado
lungs,pulmones
register,registro
shadows,oscuridad
specifically,específicamente
sarge,sargento
ideal,ideal
turtle,tortuga
spoil,arruinar
deserved,merecido
ronnie,ronnie
gina,Gina
candidate,candidato
lance,lanza
types,tipos
bloke,tipo
explode,explotar
immediate,inmediato
belonged,pertenecido
identified,identificado
di,DI
hunger,hambre
closest,más cercano
combination,combinación
nanny,niñera
seth,seth
gabriel,Gabriel
develop,desarrollar
detectives,detectives
severe,severo
en,interno
organized,organizado
franklin,Franklin
gut,intestino
splendid,espléndido
dismissed,despedido
pm,pm
yang,yang
halloween,Víspera de Todos los Santos
ellie,Ellie
vulnerable,vulnerable
continued,continuado
vital,vital
comrades,camaradas
bureau,oficina
drawer,cajón
harper,cosecha
retreat,retiro
carson,carson
benny,benny
pillow,almohada
troy,troy
ace,as
cart,carro
nap,siesta
chan,chan
ham,jamón
announce,anunciar
borrowed,prestado
parked,estacionado
galaxy,galaxia
voted,votado
muffled,sordo
sebastian,sebastián
mmm-hmm,mmm-hmm
jewelry,joyas
kisses,besos
luggage,equipaje
groom,acicalar
oops,ups
lighter,encendedor
masters,maestría
alliance,Alianza
buddies,amigos
clothing,ropa
denied,denegado
drown,ahogar
alike,similar
excellency,excelencia
relative,relativo
photographs,fotografías
burger,hamburguesa
dough,masa
alicia,Alicia
wreck,naufragio
approve,aprobar
produced,producido
christina,Christina
physically,físicamente
stations,estaciones
eli,eli
samantha,samantha
spiritual,espiritual
sire,padre
roaring,rugido
stab,puñalada
inch,pulgada
servants,servicio
limits,límites
unexpected,inesperado
arrival,llegada
whimpering,gemido
basket,cesta
sheets,hojas
scandal,escándalo
stink,hedor
homer,homero
tara,Tara
christopher,Christopher
toes,dedos de los pies
t-,t-
shield,blindaje
shooter,tirador
instant,instante
objects,objetos
rehearsal,ensayo
disturbing,perturbador
directed,dirigido
scan,escanear
electronic,electrónico
republic,república
overnight,durante la noche
counsel,consejo
sirens,sirenas
dorothy,Dorothy
bait,carnada
dignity,dignidad
explains,explica
lean,inclinarse
heroin,heroína
tracy,tracy
rex,rex
barney,Barney
gossip,chisme
humble,humilde
economy,economía
worlds,mundos
impress,impresionar
clara,Clara
tissue,tejido
threaten,amenazar
et,en
bump,bulto
supreme,supremo
bingo,bingo
mitchell,mitchell
excitement,excitación
mankind,humanidad
document,documento
broad,amplio
vietnam,Vietnam
vessel,buque
lit,iluminado
dale,valle
killers,asesinos
connor,Connor
mario,Mario
foul,falta
stare,mirar fijamente
deaths,fallecidos
hut,cabaña
elements,elementos
coma,coma
laying,colocación
coffin,ataúd
paula,Paula
cocaine,cocaína
puppy,cachorro
louder,más fuerte
handled,manejado
announcement,anuncio
oath,juramento
mob,multitud
cotton,algodón
deposit,depósito
taxes,impuestos
injuries,lesiones
jen,jen
autopsy,autopsia
advise,aconsejar
gig,Curro
lecture,conferencia
posted,al corriente
skinny,flaco
lo,holgazanería
include,incluir
revealed,reveló
infected,infectado
relieved,aliviado
assistance,asistencia
solo,solo
determine,determinar
terrorists,terroristas
elsewhere,en otra parte
lamp,lámpara
practical,práctico
marked,marcado
adorable,adorable
rubber,goma
purple,púrpura
operating,operando
suite,suite
apologies,disculpas
personnel,personal
beam,haz
poet,poeta
samples,muestras
arrow,flecha
counselor,consejero
carpet,alfombra
allen,Allen
audrey,Audrey
spotted,manchado
floating,flotante
corrected,corregido
located,situado
journalist,periodista
insisted,insistido
operator,operador
rely,confiar
singh,singh
fooled,engañado
arrives,llega
i.d.,identificación.
leon,León
walt,valiente
eastern,oriental
ay,sí
shave,afeitar
remaining,restante
toss,sacudida
anderson,Anderson
lip,labio
acid,ácido
nora,nora
si,si
december,diciembre
anonymous,anónimo
inn,Posada
planted,plantado
oldest,más antiguo
breast,mama
sixth,sexto
error,error
reporting,informes
egypt,Egipto
islands,islas
brother-in-law,cuñado
jules,jules
roommate,compañero de cuarto
sings,canta
scum,escoria
visitor,visitante
giggling,risita
described,descrito
geez,geez
inches,pulgadas
commitment,compromiso
hercules,Hércules
react,reaccionar
cows,vacas
protest,protesta
misery,miseria
theft,robo
embrace,abarcar
darn,maldito
harsh,duro
andrea,Andrea
communicate,comunicar
fathers,Padres
faithful,fiel
hector,Héctor
uh-uh,uh-uh
flame,fuego
medal,medalla
silk,seda
photographer,fotógrafo
trevor,trevor
cemetery,cementerio
rear,trasero
freddy,Freddy
banana,banana
allison,Allison
emotion,emoción
chap,cap
dated,con fecha de
excuses,excusas
shitty,de mierda
bin,papelera
jew,judío
gum,chicle
crushed,aplastada
efforts,esfuerzos
content,contenido
corporal,corporal
realised,comprendió
del,deleño
rap,rap
hopeless,desesperanzado
debate,debate
era,era
luckily,afortunadamente
ton,tonelada
liquid,líquido
swell,hinchar
peggy,peggy
feast,banquete
murphy,Murphy
attracted,atraído
application,solicitud
profession,profesión
bench,banco
vanessa,Vanessa
ahem,Ejem
symptoms,síntomas
scout,explorar
crashed,estrellado
keen,afecto
aircraft,aeronave
formed,formado
hon,honor
aggressive,agresivo
pale,pálido
significant,significativo
duncan,duncan
clubs,clubs
visual,visual
embassy,embajada
defence,defensa
cabinet,gabinete
display,mostrar
fame,fama
gibbs,gibbs
drowned,ahogue
wolves,Lobos
filming,rodaje
dunno,No sé
cursed,maldito
twin,mellizo
sorrow,pena
vault,bóveda
defeated,derrotado
watson,Watson
quote,cita
penalty,multa
bargain,negociar
pepper,pimienta
speaker,vocero
compare,comparar
satan,Satán
helmet,casco
scar,cicatriz
copies,copias
fuss,escándalo
envelope,sobre
perry,sidra de pera
stinks,apestoso
african,africano
arrangements,preparativos
wished,desestimado
honored,honrado
believing,creyente
discussed,discutido
assigned,asignado
rosa,Rosa
oven,horno
jenna,jenna
attacking,agresor
tin,estaño
sonic,Sonic
collar,cuello
mere,mero
romeo,Romeo
belief,creencia
storage,almacenamiento
rusty,oxidado
psycho,psicópata
climbing,escalada
melissa,toronjil
fears,miedos
sum,suma
dedicated,dedicado
ladder,escalera
alternative,alternativa
raid,Redada
dining,comida
ms,EM
corporate,corporativo
folk,gente
jon,jon
replaced,reemplazado
bailey,muralla exterior
un,Naciones Unidas
heels,tacones
duties,deberes
smarter,más inteligente
existed,existió
surprising,sorprendente
chess,ajedrez
requested,solicitado
cruise,crucero
primary,primario
rhythm,ritmo
drum,tambor
models,modelos
motorcycle,motocicleta
adopted,adoptado
barrel,barril
cargo,carga
planets,planetas
shove,empujón
wha,WHA
surprises,sorpresas
rosie,Rosie
dings,tallas
trailer,remolque
cannon,cañón
tables,mesas
arse,culo
ally,aliado
lawrence,Lawrence
wee,pequeñito
tapes,cinta
dull,aburrido
sandra,sandra
teenage,Adolescente
kent,kent
cooperate,cooperar
risks,riesgos
dug,excavado
worthless,sin valor
arriving,que llega
kindness,amabilidad
ties,corbatas
items,elementos
and-,y-
grip,agarre
relations,relaciones
rumor,rumor
skirt,falda
frog,rana
paige,paige
lloyd,lloyd
claimed,reclamado
perfume,perfume
instrumental,instrumental
flames,llamas
association,asociación
loses,perder
january,enero
spike,espiga
israel,Israel
eleven,once
gallery,galería
ginger,jengibre
activities,actividades
iraq,Irak
boarding,embarque
fist,puño
stuffed,relleno
improve,mejorar
creation,creación
connie,Connie
infection,infección
strikes,huelgas
wiped,limpiado
tension,tensión
whistles,silbatos
kindly,amable
certificate,certificado
curtis,Curtis
bold,atrevido
threats,amenazas
claudia,Claudia
sid,sid
twisted,retorcido
suspended,suspendido
affected,afectado
envy,envidiar
whale,ballena
dial,marcar
cameron,Cameron
martial,marcial
controlled,revisado
lung,pulmón
nigga,nigga
coal,carbón
upside,al revés
imperial,imperial
pam,pam
paranoid,paranoico
signing,firma
congress,congreso
villa,villa
candles,velas
filling,relleno
becky,Becky
comic,cómic
faint,débil
recovery,recuperación
volunteer,voluntario
tech,técnico
bleed,sangrar
positions,posición
cindy,cindro
narrow,angosto
forbid,prohibir
stuart,stuart
perspective,perspectiva
faced,enfrentado
neat,limpio
pierce,atravesar
observe,observar
cycle,ciclo
psychic,psíquico
handling,manejo
goose,ganso
accidentally,accidentalmente
conclusion,conclusión
designer,diseñador
sits,stits
importance,importancia
spots,lugares
francs,francos
sweep,barrer
destroying,destructor
communist,comunista
blackmail,chantaje
pacific,Pacífico
risky,arriesgado
glorious,glorioso
filed,archivado
hatred,odio
cam,leva
deals,ofertas
pos,pajita
fooling,engañoso
persons,persona
scotch,escocés
executed,ejecutado
brakes,frenos
blank,blanco
tender,licitación
kurt,kurt
turner,tornero
tub,bañera
sucker,ventosa
slight,leve
addition,suma
campus,instalaciones